peptide,lca,superkingdom,kingdom,subkingdom,superphylum,phylum,subphylum,superclass,class,subclass,infraclass,superorder,order,suborder,infraorder,parvorder,superfamily,family,subfamily,tribe,subtribe,genus,subgenus,species group,species subgroup,species,subspecies,varietas,forma,EC,GO (biological process),GO (cellular component),GO (molecular function)
CDEWSVNSVGK,Simiiformes,Eukaryota,Metazoa,,,Chordata,Craniata,Sarcopterygii,Mammalia,,,Euarchontoglires,Primates,Haplorrhini,Simiiformes,,,,,,,,,,,,,,,,GO:0006879 (81%);GO:0048260 (15%);GO:1900390 (15%),GO:0005615 (96%);GO:0005623 (62%);GO:0048471 (15%),GO:0008199 (81%);GO:0015091 (81%);GO:0008198 (15%)
DPNGLPPEAQK,Mammalia,Eukaryota,Metazoa,,,Chordata,Craniata,Sarcopterygii,Mammalia,,,,,,,,,,,,,,,,,,,,,,GO:0030277 (21%);GO:0032024 (21%);GO:0001654 (21%),GO:0005576 (75%);GO:0005615 (21%);GO:0032991 (4%),GO:0034632 (100%);GO:0005501 (79%);GO:0019841 (21%)
EEVAEEAQSGGD,Catarrhini,Eukaryota,Metazoa,,,Chordata,Craniata,Sarcopterygii,Mammalia,,,Euarchontoglires,Primates,Haplorrhini,Simiiformes,Catarrhini,,,,,,,,,,,,,,,GO:0008344 (60%);GO:0050808 (60%);GO:0014059 (60%),GO:0005737 (80%);GO:0030424 (60%);GO:0043025 (60%),
EGTCPEAPTDECKPVK,Catarrhini,Eukaryota,Metazoa,,,Chordata,Craniata,Sarcopterygii,Mammalia,,,Euarchontoglires,Primates,Haplorrhini,Simiiformes,Catarrhini,,,,,,,,,,,,,,,GO:0006879 (89%);GO:0048260 (14%);GO:1900390 (14%),GO:0005615 (92%);GO:0005623 (73%);GO:0048471 (14%),GO:0008199 (89%);GO:0015091 (89%);GO:0008198 (14%)
FATTFYQHLADSK,Euarchontoglires,Eukaryota,Metazoa,,,Chordata,Craniata,Sarcopterygii,Mammalia,,,Euarchontoglires,,,,,,,,,,,,,,,,,,,GO:2000266 (98%);GO:0007584 (5%);GO:0007595 (5%),GO:0005615 (98%);GO:0010494 (2%);GO:0005788 (2%),GO:0004867 (98%);GO:0008201 (98%);GO:0002020 (21%)
FFSASCVPGADK,Simiiformes,Eukaryota,Metazoa,,,Chordata,Craniata,Sarcopterygii,Mammalia,,,Euarchontoglires,Primates,Haplorrhini,Simiiformes,,,,,,,,,,,,,,,3.4.21.- (100%),GO:0019731 (100%);GO:0019732 (100%);GO:0001817 (87%),GO:0005615 (91%);GO:0032991 (15%);GO:0009986 (15%),GO:0005506 (100%);GO:0004252 (100%);GO:0004869 (15%)
HVVPNEVVVQR,Mammalia,Eukaryota,Metazoa,,,Chordata,Craniata,Sarcopterygii,Mammalia,,,,,,,,,,,,,,,,,,,,,,GO:0051016 (100%);GO:0051014 (100%);GO:0045010 (100%),GO:0005829 (11%);GO:0045335 (10%);GO:0030027 (10%),GO:0051015 (100%);GO:0005509 (100%);GO:0045159 (10%)
IMCEILSSLQIGDFLVK,Mammalia,Eukaryota,Metazoa,,,Chordata,Craniata,Sarcopterygii,Mammalia,,,,,,,,,,,,,,,,,,,,,6.1.1.21 (100%),GO:0006418 (56%);GO:0006427 (42%);GO:0032543 (6%),GO:0005737 (84%);GO:0005829 (16%);GO:0005739 (6%),GO:0005524 (97%);GO:0004812 (55%);GO:0004821 (42%)
LCMGSGLNLCEPNNK,Homininae,Eukaryota,Metazoa,,,Chordata,Craniata,Sarcopterygii,Mammalia,,,Euarchontoglires,Primates,Haplorrhini,Simiiformes,Catarrhini,Hominoidea,Hominidae,Homininae,,,,,,,,,,,,GO:0006879 (70%);GO:0048260 (20%);GO:1900390 (20%),GO:0005615 (80%);GO:0005623 (40%);GO:0005576 (30%),GO:0008199 (70%);GO:0015091 (70%);GO:0008198 (20%)
LSLEFPSGYPYNAPTVK,Metazoa,Eukaryota,Metazoa,,,,,,,,,,,,,,,,,,,,,,,,,,,2.3.2.23 (100%);2.3.2.24 (100%),GO:0031145 (22%);GO:0070979 (18%);GO:0010458 (18%),GO:0005680 (18%);GO:0005886 (17%);GO:0005829 (17%),GO:0005524 (100%);GO:0016740 (79%);GO:0061631 (16%)
LVRPEVDVMCTAFHDNEETFLK,Hominidae,Eukaryota,Metazoa,,,Chordata,Craniata,Sarcopterygii,Mammalia,,,Euarchontoglires,Primates,Haplorrhini,Simiiformes,Catarrhini,Hominoidea,Hominidae,,,,,,,,,,,,,GO:0019836 (11%);GO:0051659 (11%);GO:0009267 (11%),GO:0005615 (95%);GO:0005794 (26%);GO:0005783 (26%),GO:0003677 (11%);GO:0015643 (11%);GO:0051087 (11%)
QVLLHQQAK,Homininae,Eukaryota,Metazoa,,,Chordata,Craniata,Sarcopterygii,Mammalia,,,Euarchontoglires,Primates,Haplorrhini,Simiiformes,Catarrhini,Hominoidea,Hominidae,Homininae,,,,,,,,,,,3.4.21.- (100%),GO:0019731 (100%);GO:0019732 (100%);GO:0001817 (86%),GO:0005615 (95%);GO:0032991 (18%);GO:0009986 (18%),GO:0005506 (100%);GO:0004252 (100%);GO:0004869 (18%)
SCHLAMAPNHAVVSR,Euarchontoglires,Eukaryota,Metazoa,,,Chordata,Craniata,Sarcopterygii,Mammalia,,,Euarchontoglires,,,,,,,,,,,,,,,,,,3.4.21.- (100%),GO:0019731 (100%);GO:0019732 (100%);GO:0001817 (84%),GO:0005615 (98%);GO:0032991 (18%);GO:0009986 (18%),GO:0005506 (100%);GO:0004252 (100%);GO:0004869 (18%)
VIGQDSSEIHFK,Craniata,Eukaryota,Metazoa,,,Chordata,Craniata,,,,,,,,,,,,,,,,,,,,,,,,GO:0016925 (99%);GO:0034605 (16%);GO:0071276 (16%),GO:0005634 (74%);GO:0031965 (17%);GO:0097165 (16%),GO:0008134 (48%);GO:0031625 (15%);GO:0015459 (15%)
VNLLSAIK,Mammalia,Eukaryota,Metazoa,,,Chordata,Craniata,Sarcopterygii,Mammalia,,,,,,,,,,,,,,,,,,,,,,GO:0006955 (84%);GO:0097527 (34%);GO:0051092 (26%),GO:0005615 (100%);GO:0016021 (61%);GO:0016020 (24%),GO:0005125 (100%);GO:0005164 (100%);GO:0002020 (16%)
TPSLPTPPTREPK,Sarcopterygii,Eukaryota,Metazoa,,,Chordata,Craniata,Sarcopterygii,,,,,,,,,,,,,,,,,,,,,,,GO:0000226 (18%);GO:0045773 (17%);GO:0031116 (16%),GO:0005874 (100%);GO:0005737 (84%);GO:0005829 (18%),GO:0008017 (92%);GO:0051087 (13%);GO:0051879 (13%)
FSPENTRK,Mammalia,Eukaryota,Metazoa,,,Chordata,Craniata,Sarcopterygii,Mammalia,,,,,,,,,,,,,,,,,,,,,,GO:2000266 (97%);GO:0002438 (16%);GO:0007595 (16%),GO:0005615 (97%);GO:0072562 (3%);GO:0005788 (3%),GO:0004867 (100%);GO:0008201 (97%);GO:0042802 (45%)
RYIETDPANRDR,Craniata,Eukaryota,Metazoa,,,Chordata,Craniata,,,,,,,,,,,,,,,,,,,,,,,,GO:0051014 (100%);GO:0045010 (100%);GO:0051016 (100%),GO:0005829 (11%);GO:0030027 (10%);GO:0045335 (10%),GO:0051015 (100%);GO:0005509 (100%);GO:0045159 (10%)
